{
  "selectAll": "Select All",
  "selectAllSearchResults": "Select All Search Results",
  "searchOoo": "Search...",
  "blanks": "Blanks",
  "noMatches": "No matches.",
  "total": "Total",
  "subTotal": "Sub total",

  "filterOoo": "Filter...",
  "equals": "Equals",
  "notEqual": "Not equal",

  "lessThan": "Less than",
  "greaterThan": "Greater than",
  "lessThanOrEqual": "Less than or equal",
  "greaterThanOrEqual": "Greater than or equal",
  "inRange": "In range",
  "inRangeStart": "To",
  "inRangeEnd": "From",

  "contains": "Contains",
  "notContains": "Not contains",
  "startsWith": "Starts with",
  "endsWith": "Ends with",

  "dateFormatOoo": "Yyyy-mm-dd",

  "andCondition": "AND",
  "orCondition": "OR",

  "applyFilter": "Apply",
  "resetFilter": "Reset",
  "clearFilter": "Clear",
  "cancelFilter": "Cancel",

  "columns": "Columns",
  "filters": "Filters",

  "pivotMode": "Pivot Mode",
  "groups": "Row Groups",
  "rowGroupColumnsEmptyMessage": "Drag here to set row groups",
  "values": "Values",
  "valueColumnsEmptyMessage": "Drag here to aggregate",
  "pivots": "Column Labels",
  "pivotColumnsEmptyMessage": "Drag here to set column labels",
  "pivotColumnGroupTotals": " Toblablablatal",

  "group": "Group",

  "loadingOoo": "Loading...",
  "noRowsToShow": "No Rows To Show",
  "enabled": "Enabled",

  "pinColumn": "Pin Column",
  "pinLeft": "Pin Left",
  "pinRight": "Pin Right",
  "noPin": "No Pin",
  "valueAggregation": "Value Aggregation",
  "autosizeThiscolumn": "Autosize This Column",
  "autosizeAllColumns": "Autosize All Columns",
  "groupBy": "Group by",
  "ungroupBy": "Un-Group by",
  "resetColumns": "Reset Columns",
  "expandAll": "Expand All",
  "collapseAll": "Close All",
  "copy": "Copy",
  "ctrlC": "Ctrl+C",
  "copyWithHeaders": "Copy With Headers",
  "paste": "Paste",
  "ctrlV": "Ctrl+V",
  "export": "Export",
  "csvExport": "CSV Export",
  "excelExport": "Excel Export (.xlsx)",
  "excelXmlExport": "Excel Export (.xml)",

  "sum": "Sum",
  "min": "Min",
  "max": "Max",
  "none": "None",
  "count": "Count",
  "avg": "Average",
  "filteredRows": "Filtered",
  "selectedRows": "Selected",
  "totalRows": "Total Rows",
  "totalAndFilteredRows": "Rows",
  "page": "Page",
  "more": "More",
  "to": "To",
  "of": "Of",
  "next": "Next",
  "last": "Last",
  "first": "First",
  "previous": "Previous",
  "ariaChecked": "checked",
  "ariaColumn": "Column",
  "ariaColumnGroup": "Column Group",
  "ariaColumnList": "Column List",
  "ariaColumnSelectAll": "Toggle Select All Columns",
  "ariaDateFilterInput": "Date Filter Input",
  "ariaDefaultListName": "List",
  "ariaFilterColumnsInput": "Filter Columns Input",
  "ariaFilterFromValue": "Filter from value",
  "ariaFilterInput": "Filter Input",
  "ariaFilterList": "Filter List",
  "ariaFilterToValue": "Filter to value",
  "ariaFilterValue": "Filter Value",
  "ariaFilteringOperator": "Filtering Operator",
  "ariaHidden": "hidden",
  "ariaIndeterminate": "indeterminate",
  "ariaInputEditor": "Input Editor",
  "ariaMenuColumn": "Press CTRL ENTER to open column menu.",
  "ariaRowDeselect": "Press SPACE to deselect this row",
  "ariaRowSelectAll": "Press Space to toggle all rows selection",
  "ariaRowToggleSelection": "Press Space to toggle row selection",
  "ariaRowSelect": "Press SPACE to select this row",
  "ariaSearch": "Search",
  "ariaSortableColumn": "Press ENTER to sort",
  "ariaToggleVisibility": "Press SPACE to toggle visibility",
  "ariaUnchecked": "unchecked",
  "ariaVisible": "visible",
  "ariaSearchFilterValues": "Search filter values",

  "ariaRowGroupDropZonePanelLabel": "Row Groups",
  "ariaValuesDropZonePanelLabel": "Values",
  "ariaPivotDropZonePanelLabel": "Column Labels",
  "ariaDropZoneColumnComponentDescription": "Press DELETE to remove",
  "ariaDropZoneColumnValueItemDescription": "Press ENTER to change the aggregation type",

  "ariaLabelColumnMenu": "Column Menu",
  "ariaLabelCellEditor": "Cell Editor",
  "ariaLabelDialog": "Dialog",
  "ariaLabelSelectField": "Select Field",
  "ariaLabelTooltip": "Tooltip",
  "ariaLabelContextMenu": "Context Menu",
  "ariaLabelSubMenu": "SubMenu",
  "ariaLabelAggregationFunction": "Aggregation Function"
}
